ok,"undefined","contact@yemayamadagascar.com"
ok,"undefined","zatour@iris.mg"
ok,"undefined","loriannerak@yahoo.fr"
ok,"undefined","albouraqtravel@gmail.com"
ok,"undefined","anjara.voyage@gmail.com"
ok,"undefined","contact@aty-aminay.com"
ok,"undefined","info@aupairmaedchen.club"
ok,"undefined","aventure.decouverte@hotmail.com"
ok,"undefined","production@escapades.mg"
ok,"undefined","exploitation@escapades.mg"
ok,"undefined","espacemada@espacemada.com"
ok,"undefined","evamadtours@gmail.com"
ok,"undefined","info@evasion-madagascar-travel.mg"
ok,"undefined","mamyadrian82@gmail.com"
ok,"undefined","info@fosatravel.com"
ok,"undefined","gassitours@gmail.com"
ok,"undefined","andrianannick@gmail.com"
ok,"undefined","fano.edouard@gmail.com"
ok,"undefined","tahiryynalison@gmail.com"
ok,"undefined","contact.madatime@gmail.com"
ok,"undefined","contact@madaverte.com"
ok,"undefined","circuitstoursmadagascar@gmail.com"
ok,"undefined","information@madaclassic.com"
ok,"undefined","dilanntours.madagascar@gmail.com"
ok,"undefined","drongotours@gmail.com"
ok,"undefined","contact2mgit@gmail.com"
ok,"undefined","ideal.adventures.mada@gmail.com"
ok,"undefined","immersion.tour@gmail.com"
ok,"undefined","madagascar.islandvoyage@gmail.com"
ok,"undefined","commercial.kombava@gmail.com"
ok,"undefined","abidreamtravel@gmail.com"
ok,"undefined","contact@avimaecotourism.com"
ok,"undefined","info@aquamadagascar.com"
ok,"undefined","aeromarine.com@gmail.com"
ok,"undefined","contact@airfortservices.com"
ok,"undefined","ariatravelmadagascar@gmail.com"
ok,"undefined","cortezexpeditions@cortezexpeditions.mg"
ok,"undefined","enjoytoursmada2020@gmail.com"
ok,"undefined","service.tour@hff.mg"
ok,"undefined","dinaravalisaona@gmail.com"
ok,"undefined","adventureholidaymad@gmail.com"
ok,"undefined","aid.voyage@yahoo.com"
ok,"undefined","info@authentic-madagascar-tours.com"
ok,"undefined","arcadia.travel@arcadia.mg"
ok,"undefined","baobab.tourservices@gmail.com"
ok,"undefined","info@bcdtravel.mg"
ok,"undefined","info@couleursmalgaches.net"
ok,"undefined","cristaltours@freedsl.mg"
ok,"undefined","direction@gigatravelmadagascar.com"
ok,"undefined","go2mada@gmail.com"
ok,"undefined","go.travel@blueline.mg"
ok,"undefined","holymad1996@gmail.com"
ok,"undefined","harintsoatoky@ht-agency-tours.com"
ok,"undefined","info@madagascar-explorer.net"
ok,"undefined","contact@mada-scuba.com"
ok,"undefined","info@ndaoitravel.com"
ok,"undefined","newsearoc@gmail.com"
ok,"undefined","noor.voyage@iris.mg"
ok,"undefined","contact@nosybeparadisetours.com"
ok,"undefined","passionnementmadagascar@blueline.mg"
ok,"undefined","rorontour@yahoo.fr"
ok,"undefined","info@silverwings-madagascar.com"
ok,"undefined","contact@tanyah-tours.com"
ok,"undefined","finaingotravel.mada@gmail.com"
ok,"undefined","contact@finaingotravel.com"
ok,"undefined","info@great-madagascar-tours.com"
ok,"undefined","gael.tours@yahoo.com"
ok,"undefined","jacanamadagascartours@gmail.com"
ok,"undefined","lemurvoyage@gmail.com"
ok,"undefined","mada.abc.tours@gmail.com"
ok,"undefined","madaevaziaogno@gmail.com"
ok,"undefined","info@madafocus.mg"
ok,"undefined","info@madagascar-sport-concept.com"
ok,"undefined","madagascarsurmesure@gmail.com"
ok,"undefined","joelvousguide@gmail.com"
ok,"undefined","info@madagascar-tropic-voyage.com"
ok,"undefined","madagascarvazahatour@gmail.com"
ok,"undefined","olivier@madarakotours.com"
ok,"undefined","ontm.contact@gmail.com"
ok,"undefined","contact@madavoile.com"
ok,"undefined","info@madcameleon.com"
ok,"undefined","contact@mahayexpedition.com"
ok,"undefined","nirinamichel@yahoo.fr"
ok,"undefined","contact@manjatours.com"
ok,"undefined","marodia.marodia19@gmail.com"
ok,"undefined","masovatourmada@gmail.com"
ok,"undefined","meyatours@gmail.com"
ok,"undefined","harinandravaka.miranay@gmail.com"
ok,"undefined","milontour@hotmail.com"
ok,"undefined","mnft.tour@gmail.com"
ok,"undefined","ndao.voyage3@gmail.com"
ok,"undefined","nathanvoyages@gmail.com"
ok,"undefined","naturecampingdiscoveries@gmail.com"
ok,"undefined","contact@nature-culture-madagascar.com"
ok,"undefined","naturesensation.mada@gmail.com"
ok,"undefined","newwingstravelmada@gmail.com"
ok,"undefined","nosymadatours@gmail.com"
ok,"undefined","nositour.nosybe@gmail.com"
ok,"undefined","direction@nosydecouvertes.com"
ok,"undefined","nosytsikexcursion@gmail.com"
ok,"undefined","info@madagascar-omee-voyage.com"
ok,"undefined","contact@raidaventure-mg.com"
ok,"undefined","info@remoterivers.com"
ok,"undefined","contact@risingtraveltours.com"
ok,"undefined","sahadamadatours@gmail.com"
ok,"undefined","sales.tana@satgurutravel.com"
ok,"undefined","scofieldtravel@gmail.com"
ok,"undefined","seemadatour@gmail.com"
ok,"undefined","sifakatraveltours@gmail.com"
ok,"undefined","jrakotonindrina@yahoo.fr"
ok,"undefined","sobeha.madagascar@gmail.com"
ok,"undefined","sombvoyagemadagascar@gmail.com"
ok,"undefined","contact@temeatour.com"
ok,"undefined","contact@tourismer.mg"
ok,"undefined","contact@tongavatours.mg"
ok,"undefined","toptravel_mg@hotmail.com"
ok,"undefined","tourguidelovemada@gmail.com"
ok,"undefined","tourmadadecouverte@gmail.com"
ok,"undefined","tour.malin@yahoo.fr"
ok,"undefined","tourismeaventure1@gmail.com"
ok,"undefined","grouptournesol@yahoo.com"
ok,"undefined","transcolisambodivona@gmail.com"
ok,"undefined","andrianina.rabarivelo@gmail.com"
ok,"undefined","info@travelersofmadagascar.com"
ok,"undefined","atref4f@gmail.com"
ok,"undefined","contact@vintsy-voyage.com"
ok,"undefined","info@vivytravel.com"
